TechMagic,https://extract.co/techmagic,Lviv,Ukraine,2014,51 to 100 employees,1 Office,Clients from 4 Countries,www.techmagic.co,+1 541-754-3010,$26 to $50,"$75,000 to $150,000","['nodejs 50.45%', 'angular.js 43.53%', 'swift 43.53%', 'javascript 38.53%', 'mysql 27.88%', 'java 27.88%', 'objective c 27.88%']","[',38.53/100 entertainment,32.03/100 startup,27.88/100 online services,10/100 security,10/100 financial services,10/100 marketing & advertising,10/100 social networking,10/100 telecommunications,1/100 e-commerce,1/100 education,']",HappyScan,Oleg Dats,"Android and iOS apps development, HappyScan  ","Lviv, Ukraine",Company Size : less than 10 employees,False,Motiflow,Erwin Damberg,"Mr., Probo  ","Dokkum, Netherlands",Company Size : less than 10 employees
,,,,,,,,,,,,,,Good.co,Palle Pedersen,"CTO, Good.co  ","San Francisco, United States",Company Size : 21 to 50 employees,False,Sqord,Coleman Greene,"VP, Sqord  ","Washington, United States",Company Size : less than 10 employees
,,,,,,,,,,,,,,Elements.cloud,Adrian King,"CTO, Elements.cloud  ","London, United Kingdom",Company Size : less than 10 employees,False,Elements.cloud,Adrian King,"CTO, Elements.cloud  ","London, United Kingdom",Company Size : less than 10 employees
,,,,,,,,,,,,,,Motiflow,Erwin Damberg,"Mr., Probo  ","Dokkum, Netherlands",Company Size : less than 10 employees,False,Good.co,Palle Pedersen,"CTO, Good.co  ","San Francisco, United States",Company Size : 21 to 50 employees
,,,,,,,,,,,,,,,,,,,False,EventInArea,Oleg,"Android and iOS apps development, EventInArea  ","Lviv, Ukraine",Company Size : less than 10 employees
,,,,,,,,,,,,,,,,,,,False,HappyScan,Oleg Dats,"Android and iOS apps development, HappyScan  ","Lviv, Ukraine",Company Size : less than 10 employees
Tallium Inc,https://extract.co/talliuminc,Kyiv,Ukraine,2011,51 to 100 employees,1 Office,Clients from 4 Countries,tallium.com,+1 403-879-9495,$15 to $25,"$38,000 to $75,000","['php 51.24%', 'swift 44.8%', 'java 44.8%', 'laravel 38.24%', 'reactjs 38.24%', 'yii 38.24%', 'nodejs 37.94%', 'angular.js 31.44%']","[',38.53/100 lifestyle,31.44/100 automotive,31.44/100 e-commerce,10/100 entertainment,10/100 financial services,10/100 gambling & casinos,10/100 marketing & advertising,10/100 medical & healthcare,10/100 retail,10/100 startup,']",Design Contest,Alex Michelson,"Project Manager at Design Contest Ltd., Design Contest  ","Kyiv, Ukraine",Company Size : less than 10 employees,False,Connect.Family,Ramray Saikam,"Founder, Connect.Family  ","Chester Springs, United States",Company Size : less than 10 employees
,,,,,,,,,,,,,,iDealer,Matthew Ruck,"CTO, iDealer  ","Calgary, Canada",Company Size : less than 10 employees,False,CharterClick,Vlad Mozharov,"General Manager, CharterClick.com  ","Dubai, United Arab Emirates",Company Size : less than 10 employees
,,,,,,,,,,,,,,CharterClick,Vlad Mozharov,"General Manager, CharterClick.com  ","Dubai, United Arab Emirates",Company Size : less than 10 employees,False,iDealer,Matthew Ruck,"CTO, iDealer  ","Calgary, Canada",Company Size : less than 10 employees
,,,,,,,,,,,,,,Connect.Family,Ramray Saikam,"Founder, Connect.Family  ","Chester Springs, United States",Company Size : less than 10 employees,False,Design Contest,Alex Michelson,"Project Manager at Design Contest Ltd., Design Contest  ","Kyiv, Ukraine",Company Size : less than 10 employees
RexSoft,https://extract.co/rexsoft,Khmel'nyts'kyi,Ukraine,2012,101 to 200 employees,2 Offices (MNC),Clients from 1 Country,rexsoftinc.com,+1 646-751-7606 +1 646-760-4355,$26 to $50,"$75,000 to $150,000","['java 45.03%', 'javascript 45.03%', 'objective c 45.03%', 'swift 45.03%', 'nodejs 38.53%', 'angular.js 38.53%', 'amazon web services 32.03%']","[',32.03/100 entertainment,32.03/100 leisure & travel,32.03/100 security,10/100 financial services,10/100 food & beverages,10/100 logistics & supply chain,10/100 luxury goods & jewellery,10/100 medical & healthcare,10/100 retail,10/100 startup,']",COMMUNICATIONS MATCH,,entertainment Company ,"Usk, United States",Company Size : 101 to 200 employees,False,COMPASS VR,,leisure & travel Company ,"California Hot Springs, United States",Company Size : 51 to 100 employees
,,,,,,,,,,,,,,TAP APP SECURITY,,security Company ,"New York, United States",Company Size : 351 to 600 employees,False,TAP APP SECURITY,,security Company ,"New York, United States",Company Size : 351 to 600 employees
,,,,,,,,,,,,,,COMPASS VR,,leisure & travel Company ,"California Hot Springs, United States",Company Size : 51 to 100 employees,False,COMMUNICATIONS MATCH,,entertainment Company ,"Usk, United States",Company Size : 101 to 200 employees
Appus Studio,https://extract.co/appus,Kharkiv,Ukraine,2009,21 to 50 employees,1 Office,Clients from 3 Countries,appus.software,+380 57 757 7757,$15 to $25,$1000 to $5000,"['objective c 44.54%', 'java 38.53%', 'php 32.03%', 'mysql 32.03%']","[',37.86/100 lifestyle,32.03/100 entertainment,1/100 e-commerce,1/100 education,1/100 fashion,1/100 food & beverages,1/100 marketing & advertising,1/100 medical & healthcare,1/100 news & blog,1/100 productivity,']",DEEX,,entertainment Company ,"Lausanne, Switzerland",Company Size : less than 10 employees,False,ClipOn,,lifestyle Company ,"Al Khobar, Saudi Arabia",Company Size : less than 10 employees
,,,,,,,,,,,,,,Buddypass,,lifestyle Company ,"Toronto, Canada",Company Size : less than 10 employees,False,Buddypass,,lifestyle Company ,"Toronto, Canada",Company Size : less than 10 employees
,,,,,,,,,,,,,,ClipOn,,lifestyle Company ,"Al Khobar, Saudi Arabia",Company Size : less than 10 employees,False,DEEX,,entertainment Company ,"Lausanne, Switzerland",Company Size : less than 10 employees
Sannacode,https://extract.co/sannacode,Kyiv,Ukraine,2013,51 to 100 employees,1 Office,Clients from 1 Country,www.sannacode.com,+380 66 319 5993,$26 to $50,"$250,000 to $380,000","['laravel 38.53%', 'mysql 38.53%', 'php 38.53%', 'swift 38.53%', 'firebase 32.03%']","[',32.03/100 retail,32.03/100 social networking,10/100 automotive,10/100 education,10/100 entertainment,10/100 fashion,10/100 real estate,10/100 consumer,10/100 e-commerce,10/100 sports,']",Costless,Sergey Shcherbanenko,"CTO, Costless  ","Ukrainka, Ukraine",Company Size : less than 10 employees,False,Destiny Plus,Anna Grigorash,"Product Owner, Destiny Plus  ","Ukrainka, Ukraine",Company Size : 21 to 50 employees
,,,,,,,,,,,,,,Destiny Plus,Anna Grigorash,"Product Owner, Destiny Plus  ","Ukrainka, Ukraine",Company Size : 21 to 50 employees,False,Costless,Sergey Shcherbanenko,"CTO, Costless  ","Ukrainka, Ukraine",Company Size : less than 10 employees
Mind Studios,https://extract.co/mindstudios,Dnipropetrovs'k,Ukraine,2013,21 to 50 employees,1 Office,Clients from 1 Country,themindstudios.com,+380 67 562 3125,$26 to $50,"$18,000 to $38,000","['java 32.03%', 'mysql 32.03%', 'swift 32.03%']","[',32.03/100 medical & healthcare,10/100 leisure & travel,10/100 lifestyle,10/100 social networking,10/100 sports,10/100 startup,']",Horse Side Vet Guide,Doug Thal,"Owner, Thal Equine, LLC  ","Santa Fe, United States",Company Size : less than 10 employees,False,Horse Side Vet Guide,Doug Thal,"Owner, Thal Equine, LLC  ","Santa Fe, United States",Company Size : less than 10 employees
,,,,,,,,,,,,,,,,,,,False,SternFit,Roy Huang,"Co-Founder, SternFit  ","New York, United States",Company Size : less than 10 employees
,,,,,,,,,,,,,,,,,,,False,qWaqq,Jud Friedman,"CEO, qWaqq, Inc.  ","Los Angeles, United States",Company Size : less than 10 employees
CodeTiburon,https://extract.co/codetiburon,Kharkiv,Ukraine,2009,51 to 100 employees,1 Office,Clients from 2 Countries,codetiburon.com,+380 50 185 5345,$15 to $25,"$50,000 to $100,000","['javascript 31.07%', 'titanium 31.07%', 'amazon web services 29.16%', 'angular.js 29.16%', 'objective c 29.16%']","[',31.07/100 education,29.16/100 startup,1/100 e-commerce,1/100 real estate,1/100 social networking,']",TIMEKO,,startup Company ,"Aix-en-Provence, France",Company Size : less than 10 employees,False,Mobile e-learning applications,Jay Connelly,"Mobile Solutions Architect, Skill Pill M Learning  ","London, United Kingdom",Company Size : less than 10 employees
,,,,,,,,,,,,,,Mobile e-learning applications,Jay Connelly,"Mobile Solutions Architect, Skill Pill M Learning  ","London, United Kingdom",Company Size : less than 10 employees,False,TIMEKO,,startup Company ,"Aix-en-Provence, France",Company Size : less than 10 employees
Volpis,https://extract.co/volpis,L'viv,Ukraine,2013,21 to 50 employees,1 Office,Clients from 2 Countries,volpis.com,,$26 to $50,"$10,000 to $25,000","['java 30.91%', 'swift 30.91%']","[',30.91/100 education,10/100 e-commerce,10/100 logistics & supply chain,10/100 medical & healthcare,10/100 retail,']",Taddrees,Marc Karam,"Founder & CEO, Taddrees, Taddrees  ","Dubai, United Arab Emirates",Company Size : less than 10 employees,False,Taddrees,Marc Karam,"Founder & CEO, Taddrees, Taddrees  ","Dubai, United Arab Emirates",Company Size : less than 10 employees
,,,,,,,,,,,,,,,,,,,False,Road Hunter,Mikhail Dzarasov,"Founder & CEO, Road Hunter, Road Hunter  ","San Francisco, United States",Company Size : less than 10 employees
Edsson Ukraine LLC,https://extract.co/edssonukrainellc,Kyiv,Ukraine,2008,51 to 100 employees,1 Office,Clients from 1 Country,www.edsson.com,+380 44 388 2709,$26 to $50,"$10,000 to $25,000",['java 32.03%'],"[',32.03/100 social networking,10/100 financial services,10/100 logistics & supply chain,10/100 manufacturing,10/100 consumer,10/100 entertainment,']",Find Colleagues IOS app development and design,FindColleagues,"Application for finding your colleagues in office or out of it, FindColleagues  ","Ukrainka, Ukraine",Company Size : less than 10 employees,False,Find Colleagues IOS app development and design,FindColleagues,"Application for finding your colleagues in office or out of it, FindColleagues  ","Ukrainka, Ukraine",Company Size : less than 10 employees
Pixelgrow,https://extract.co/pixelgrow,Cherkasy,Ukraine,2015,11 to 20 employees,1 Office,Clients from 2 Countries,pixelgrow.com,+380 93 771 6644,$26 to $50,"$7000 to $18,000",['swift 31.07%'],"[',31.07/100 entertainment,10/100 e-commerce,10/100 education,10/100 startup,']",You Got This,Penny Hewson,"Founder, Zen Zones Australia  ","Melbourne, Australia",Company Size : less than 10 employees,False,Tag Talk,Faye Clarke,"Founder, Ma's House  ","Ventnor, United Kingdom",Company Size : less than 10 employees
,,,,,,,,,,,,,,,,,,,False,You Got This,Penny Hewson,"Founder, Zen Zones Australia  ","Melbourne, Australia",Company Size : less than 10 employees
AnvilEight,https://extract.co/anvileight,,Ukraine,2010,21 to 50 employees,1 Office,Clients from 6 Countries,anvileight.com,+380 63 230 5174,$26 to $50,"$18,000 to $38,000","['css 56.28%', 'django 56.28%', 'html 56.28%', 'python 56.28%', 'postgres 50.16%', 'javascript 43.72%', 'mysql 28.52%', 'swift 27.35%']","[',36.77/100 online services,32.03/100 social networking,31.44/100 manufacturing,27.35/100 education,1/100 financial services,1/100 news & blog,1/100 e-commerce,1/100 startup,']",uBid,Helmer Wieringa,"Product Manager at NewInBridge B.V., NewInBridge  ","Delft, Netherlands",Company Size : less than 10 employees,False,Simfoni,Sreeram Venkitakrishnan,"Head of Product Development, Simfoni LTD  ","Dubai, United Arab Emirates",Company Size : less than 10 employees
,,,,,,,,,,,,,,Progressive Click,Gavin Holzman,"CEO, Progressive Click LTD  ","London, United Kingdom",Company Size : less than 10 employees,False,Humanitarian Booking Hub,Davide,"Digital Manager, WFP  ","Rome, Italy",Company Size : less than 10 employees
,,,,,,,,,,,,,,Lead Generation Tool,Andy Soloman,"Founder, Yomdel  ","London, United Kingdom",Company Size : less than 10 employees,False,Procine.ch,Roland Waller,"CEO, Procine  ","Zürich, Switzerland",Company Size : less than 10 employees
,,,,,,,,,,,,,,Inked Voices,Brooke,"McIntyre, Inked Voices  ","New York, United States",Company Size : less than 10 employees,False,Inked Voices,Brooke,"McIntyre, Inked Voices  ","New York, United States",Company Size : less than 10 employees
,,,,,,,,,,,,,,Procine.ch,Roland Waller,"CEO, Procine  ","Zürich, Switzerland",Company Size : less than 10 employees,False,Lead Generation Tool,Andy Soloman,"Founder, Yomdel  ","London, United Kingdom",Company Size : less than 10 employees
,,,,,,,,,,,,,,,,,,,False,Progressive Click,Gavin Holzman,"CEO, Progressive Click LTD  ","London, United Kingdom",Company Size : less than 10 employees
,,,,,,,,,,,,,,,,,,,False,uBid,Helmer Wieringa,"Product Manager at NewInBridge B.V., NewInBridge  ","Delft, Netherlands",Company Size : less than 10 employees
Aoza Technologies,https://extract.co/aozatechnologies,Kyiv,Ukraine,2016,11 to 20 employees,1 Office,Clients from 2 Countries,aoza.tech,+380 98 658 9285,$26 to $50,"$75,000 to $150,000",['swift 31.07%'],"[',31.07/100 automotive,10/100 education,10/100 financial services,10/100 food & beverages,10/100 manufacturing,10/100 medical & healthcare,10/100 retail,']",AE Charging Point,Mr. Evgeniy Aleksandrenko,"Head of Digital Transformation, JEVERA  ","Ukrainka,",Company Size : 51 to 100 employees,False,AE Charging Point,Mr. Evgeniy Aleksandrenko,"Head of Digital Transformation, JEVERA  ","Ukrainka,",Company Size : 51 to 100 employees
,,,,,,,,,,,,,,,,,,,False,Struu,Struu,"Software start-up, Helsinki-based information technology & software start-up  ","Helsinki, Finland",Company Size : less than 10 employees
,,,,,,,,,,,,,,,,,,,False,Medbook,Ihor Bazarnov,"Technical Product Manager, Pro-Pharma LLC  ","Ukrainka,",Company Size : less than 10 employees
Multi-Programming Solutions,https://extract.co/multi-programmingsolutions,Kharkiv,Ukraine,2006,21 to 50 employees,1 Office,Clients from 6 Countries,multi-programming.com,,$26 to $50,"$18,000 to $38,000","['php 45.03%', 'javascript 38.53%', 'css 38.53%', 'mysql 38.53%', 'angular.js 32.03%', 'html 32.03%']","[',45.03/100 gambling & casinos,32.03/100 startup,10/100 e-commerce,']",Elite Poker,,gambling & casinos Company ,"Manchester, United Kingdom",Company Size : less than 10 employees,False,STATUS QUO,,startup Company ,"Ukrainka, Ukraine",Company Size : less than 10 employees
,,,,,,,,,,,,,,Kinoland Web Application,Vladimir Doroshenko,"Director of IT-department, Kinoland  ","Ukrainka, Ukraine",Company Size : less than 10 employees,False,Non Stop Slots,,gambling & casinos Company ,"Ukrainka, Ukraine",Company Size : less than 10 employees
,,,,,,,,,,,,,,Non Stop Casino,,gambling & casinos Company ,"Ukrainka,",Company Size : less than 10 employees,False,Non Stop Casino,,gambling & casinos Company ,"Ukrainka,",Company Size : less than 10 employees
,,,,,,,,,,,,,,Non Stop Slots,,gambling & casinos Company ,"Ukrainka, Ukraine",Company Size : less than 10 employees,False,Friendly Poker,,gambling & casinos Company ,"Australia Plains, Australia",Company Size : less than 10 employees
,,,,,,,,,,,,,,,,,,,False,Math Karate,,startup Company ,"New York, United States",Company Size : less than 10 employees
,,,,,,,,,,,,,,,,,,,False,Kinoland Web Application,Vladimir Doroshenko,"Director of IT-department, Kinoland  ","Ukrainka, Ukraine",Company Size : less than 10 employees
,,,,,,,,,,,,,,,,,,,False,Tuugo Web Portal,Markus J. Sander,"Founder, Tuugo.com  ","Madrid, Spain",Company Size : less than 10 employees
,,,,,,,,,,,,,,,,,,,False,Elite Poker,,gambling & casinos Company ,"Manchester, United Kingdom",Company Size : less than 10 employees
,,,,,,,,,,,,,,,,,,,False,All Over Print,,e-commerce Company ,"London, United Kingdom",Company Size : less than 10 employees
,,,,,,,,,,,,,,,,,,,False,Ecocellit.com,Sam Shifron,"Founder, Ecocell LLC  ","California, United States",Company Size : less than 10 employees
WTT Solutions,https://extract.co/wttsolutions,Kyiv,Ukraine,2016,21 to 50 employees,1 Office,Clients from 3 Countries,wtt-solutions.com,+1 302-538-9755,$26 to $50,"$38,000 to $75,000","['.net 32.03%', 'angular.js 32.03%', 'postgres 32.03%', 'ionic 32.03%']","[',32.03/100 banking,10/100 education,10/100 marketing & advertising,10/100 medical & healthcare,10/100 financial services,10/100 logistics & supply chain,']",LPORS,Dexter Oliver,"CEO, Integritas Solutions  ","New York, United States",Company Size : 21 to 50 employees,False,Paidiem,,financial services Company ,"Toronto, Canada",Company Size : less than 10 employees
,,,,,,,,,,,,,,,,,,,False,Delivery management system,,logistics & supply chain Company ,"Scotch Plains, United States",Company Size : less than 10 employees
,,,,,,,,,,,,,,,,,,,False,Xoro,,financial services Company ,"New York, United States",Company Size : less than 10 employees
,,,,,,,,,,,,,,,,,,,False,Wisecube,,medical & healthcare Company ,"Seattle, United States",Company Size : less than 10 employees
,,,,,,,,,,,,,,,,,,,False,LPORS,Dexter Oliver,"CEO, Integritas Solutions  ","New York, United States",Company Size : 21 to 50 employees
,,,,,,,,,,,,,,,,,,,False,Pitch59,Jeff Bitton,"CEO, Pitch59 Inc  ","Houston, United States",Company Size : less than 10 employees
,,,,,,,,,,,,,,,,,,,False,Intentify.ai,Shai Rosenzweig,"CEO, Intentify  ","Tel Aviv-Yafo, Israel",Company Size : less than 10 employees
The APP Solutions,https://extract.co/theappsolutions,Kyiv,Ukraine,2014,51 to 100 employees,1 Office,Clients from 5 Countries,theappsolutions.com,+44 20 3769 1805,$26 to $50,"$38,000 to $75,000",[],"[',32.03/100 food & beverages,10/100 e-commerce,10/100 education,10/100 logistics & supply chain,10/100 luxury goods & jewellery,10/100 social networking,10/100 banking,']",Alfred Ibiza,Enrico,"Head Of Service Delivery, Alfred Ibiza  ","Ibiza, Spain",Company Size : less than 10 employees,False,Alfred Ibiza,Enrico,"Head Of Service Delivery, Alfred Ibiza  ","Ibiza, Spain",Company Size : less than 10 employees
,,,,,,,,,,,,,,,,,,,False,HYPR,Matthew Blanchard,"CEO, HYPR  ","London, United Kingdom",Company Size : less than 10 employees
,,,,,,,,,,,,,,,,,,,False,QuePro,Sultan Murad,"CEO, QuePro App  ","Ukrainka,",Company Size : less than 10 employees
,,,,,,,,,,,,,,,,,,,False,GlideFinder,Dmitry Kryuk,"Founder and CTO, GlideFinder  ","Pleasanton, United States",Company Size : less than 10 employees
,,,,,,,,,,,,,,,,,,,False,Stream Nanopore sequencer Processing on Google Cloud Platform,Allen Day,"Senior developer advocate, Google Cloud Platform  ","Singapore, Singapore",Company Size : less than 10 employees
Relevant Software,https://extract.co/relevantsoftware,L'viv,Ukraine,2013,51 to 100 employees,1 Office,Clients from 4 Countries,relevant.software,+380 93 482 0864,$26 to $50,"$50,000 to $100,000","['amazon web services 45.03%', 'javascript 45.03%', 'nodejs 45.03%', 'reactjs 38.53%', 'sql server 38.53%', 'angular.js 32.03%', 'swift 32.03%']","[',38.53/100 construction,32.03/100 online services,10/100 banking,10/100 e-commerce,10/100 financial services,10/100 manufacturing,10/100 real estate,10/100 retail,10/100 startup,10/100 leisure & travel,']",Sensor Data Dashboard for IoT Solutions Provider,Sondre Rennan Nesset,"CEO, Sensor Innovation  ","Verdalsora, Norway",Company Size : less than 10 employees,False,Swipe&Tap,Aaron Wardle,"CTO, Swipe&Tap  ","London, United Kingdom",Company Size : less than 10 employees
,,,,,,,,,,,,,,Reducing paperwork for construction companies,Ole Jørgen Næss,"VP of Product and Engineering, 24Onoff  ","Oslo, Norway",Company Size : 11 to 20 employees,False,TradeSherpa,Anne-Lise Bighinatti,"CEO, TradeSherpa  ","New York, United States",Company Size : less than 10 employees
,,,,,,,,,,,,,,Linking construction projects and contractors,Vahid Walker,"Founder, Biderator  ","New York, United States",Company Size : less than 10 employees,False,Linking construction projects and contractors,Vahid Walker,"Founder, Biderator  ","New York, United States",Company Size : less than 10 employees
,,,,,,,,,,,,,,,,,,,False,Reducing paperwork for construction companies,Ole Jørgen Næss,"VP of Product and Engineering, 24Onoff  ","Oslo, Norway",Company Size : 11 to 20 employees
,,,,,,,,,,,,,,,,,,,False,Sensor Data Dashboard for IoT Solutions Provider,Sondre Rennan Nesset,"CEO, Sensor Innovation  ","Verdalsora, Norway",Company Size : less than 10 employees
,,,,,,,,,,,,,,,,,,,False,Modernizing an online radio platform,Andrew Chemes,"o-founder and Executive Producer, Radio Skovoroda  ","Ukrainka,",Company Size : less than 10 employees
,,,,,,,,,,,,,,,,,,,False,Tomeeto. App for organizing events and meetups,Tomeeto,"Tomeeto, Tomeeto  ","Kyiv, Ukraine",Company Size : less than 10 employees
,,,,,,,,,,,,,,,,,,,False,Lifetile,Richard,"Founder, Lifetile.me  ","London, United Kingdom",Company Size : less than 10 employees
,,,,,,,,,,,,,,,,,,,False,Allo,,e-commerce Company ,"Ukrainka, Ukraine",Company Size : less than 10 employees
bvblogic,https://extract.co/bvblogic,Ivano-Frankivs'k,Ukraine,2008,101 to 200 employees,2 Offices (MNC),Clients from 3 Countries,bvblogic.com,+380 63 545 9487 +1 416-830-2253,$26 to $50,"$38,000 to $75,000","['java 45.03%', 'php 45.03%', 'laravel 38.53%', 'python 38.53%', 'bigdata 32.03%', 'javascript 32.03%', 'swift 32.03%', 'yii 32.03%']","[',45.03/100 startup,32.03/100 e-commerce,32.03/100 retail,32.03/100 marketing & advertising,10/100 leisure & travel,10/100 logistics & supply chain,10/100 real estate,10/100 education,10/100 farming,10/100 online services,']",P.AID,Irina Novikova,"CEO, P.AID  ","Kyiv, Ukraine",Company Size : less than 10 employees,False,TechCarrotHUB Bot,Khristina Martyniuk,"Coordinator, TechCarrotHUB  ","Ukrainka,",Company Size : less than 10 employees
,,,,,,,,,,,,,,SOCAR,,retail Company ,"Kyiv, Ukraine",Company Size : 351 to 600 employees,False,247exchange,,startup Company ,"Belize City, Belize",Company Size : 21 to 50 employees
,,,,,,,,,,,,,,Navizor,,startup Company ,"Kyiv, Ukraine",Company Size : less than 10 employees,False,Navizor,,startup Company ,"Kyiv, Ukraine",Company Size : less than 10 employees
,,,,,,,,,,,,,,247exchange,,startup Company ,"Belize City, Belize",Company Size : 21 to 50 employees,False,SOCAR,,retail Company ,"Kyiv, Ukraine",Company Size : 351 to 600 employees
,,,,,,,,,,,,,,TechCarrotHUB Bot,Khristina Martyniuk,"Coordinator, TechCarrotHUB  ","Ukrainka,",Company Size : less than 10 employees,False,P.AID,Irina Novikova,"CEO, P.AID  ","Kyiv, Ukraine",Company Size : less than 10 employees
Selecto,https://extract.co/selecto,L'viv,Ukraine,2014,21 to 50 employees,1 Office,Clients from 2 Countries,selectoglobal.com,+1 929-399-4722,$26 to $50,$3000 to $8000,"['java 38.53%', 'javascript 32.03%', 'nodejs 32.03%', 'objective c 32.03%', 'swift 32.03%']","[',32.03/100 entertainment,32.03/100 real estate,32.03/100 social networking,10/100 education,']",MsFit,NDA,"NDA, MsFit  ","Tabuk, Saudi Arabia",Company Size : less than 10 employees,False,Sodichan Plus,NDA,"NDA, Sodichan Plus  ","New York, United States",Company Size : less than 10 employees
,,,,,,,,,,,,,,Life4ME,NDA,"NDA, Life4Me  ","New York, United States",Company Size : less than 10 employees,False,Life4ME,NDA,"NDA, Life4Me  ","New York, United States",Company Size : less than 10 employees
,,,,,,,,,,,,,,Sodichan Plus,NDA,"NDA, Sodichan Plus  ","New York, United States",Company Size : less than 10 employees,False,MsFit,NDA,"NDA, MsFit  ","Tabuk, Saudi Arabia",Company Size : less than 10 employees
bvblogic,https://extract.co/bvblogic,Ivano-Frankivs'k,Ukraine,2008,101 to 200 employees,2 Offices (MNC),Clients from 3 Countries,bvblogic.com,+380 63 545 9487 +1 416-830-2253,$26 to $50,"$38,000 to $75,000","['java 45.03%', 'php 45.03%', 'laravel 38.53%', 'python 38.53%', 'bigdata 32.03%', 'javascript 32.03%', 'swift 32.03%', 'yii 32.03%']","[',45.03/100 startup,32.03/100 e-commerce,32.03/100 retail,32.03/100 marketing & advertising,10/100 leisure & travel,10/100 logistics & supply chain,10/100 real estate,10/100 education,10/100 farming,10/100 online services,']",P.AID,Irina Novikova,"CEO, P.AID  ","Kyiv, Ukraine",Company Size : less than 10 employees,False,TechCarrotHUB Bot,Khristina Martyniuk,"Coordinator, TechCarrotHUB  ","Ukrainka,",Company Size : less than 10 employees
,,,,,,,,,,,,,,SOCAR,,retail Company ,"Kyiv, Ukraine",Company Size : 351 to 600 employees,False,247exchange,,startup Company ,"Belize City, Belize",Company Size : 21 to 50 employees
,,,,,,,,,,,,,,Navizor,,startup Company ,"Kyiv, Ukraine",Company Size : less than 10 employees,False,Navizor,,startup Company ,"Kyiv, Ukraine",Company Size : less than 10 employees
,,,,,,,,,,,,,,247exchange,,startup Company ,"Belize City, Belize",Company Size : 21 to 50 employees,False,SOCAR,,retail Company ,"Kyiv, Ukraine",Company Size : 351 to 600 employees
,,,,,,,,,,,,,,TechCarrotHUB Bot,Khristina Martyniuk,"Coordinator, TechCarrotHUB  ","Ukrainka,",Company Size : less than 10 employees,False,P.AID,Irina Novikova,"CEO, P.AID  ","Kyiv, Ukraine",Company Size : less than 10 employees
Kalon Tech,https://extract.co/kalontech,,Ukraine,2014,21 to 50 employees,1 Office,Clients from 3 Countries,eleken.co,,$26 to $50,"$18,000 to $38,000","['reactjs 51.36%', 'nodejs 51.36%', 'javascript 45.03%', 'mongodb 45.03%', 'css 38.53%', 'bootstrap 32.03%', 'amazon web services 32.03%']","[',44.8/100 startup,32.03/100 e-commerce,10/100 leisure & travel,']",GlobalID Mobile App,,startup Company ,"San Francisco, United States",Company Size : 11 to 20 employees,False,Optimal Authenticator App,John Maring,"Managing Partner, Optimal IdM  ","Tampa, United States",Company Size : less than 10 employees
,,,,,,,,,,,,,,raw.ch,Dario Tramonti,"Founder, raw.ch  ","Zürich, Switzerland",Company Size : less than 10 employees,False,Chamber of commerce,Katlin Chadwick,"Director of Content Strategy, South  ","Charleston, United States",Company Size : less than 10 employees
,,,,,,,,,,,,,,MyToddler.tv,Baharan Shahin,"co-Founder, MyToddler.tv  ","Stockholm, Sweden",Company Size : less than 10 employees,False,ByteLyfe,Jerry Flowers,"co-Founder, CoderByBlood  ","New York, United States",Company Size : less than 10 employees
,,,,,,,,,,,,,,ByteLyfe,Jerry Flowers,"co-Founder, CoderByBlood  ","New York, United States",Company Size : less than 10 employees,False,Handprinter,Gregory Norris,"Founder, NewEarthB  ","Boston, United States",Company Size : less than 10 employees
,,,,,,,,,,,,,,,,,,,False,MyToddler.tv,Baharan Shahin,"co-Founder, MyToddler.tv  ","Stockholm, Sweden",Company Size : less than 10 employees
,,,,,,,,,,,,,,,,,,,False,raw.ch,Dario Tramonti,"Founder, raw.ch  ","Zürich, Switzerland",Company Size : less than 10 employees
,,,,,,,,,,,,,,,,,,,False,GlobalID Mobile App,,startup Company ,"San Francisco, United States",Company Size : 11 to 20 employees
Blackthorn Vision,https://extract.co/blackthornvision,L'viv,Ukraine,2009,51 to 100 employees,2 Offices,Clients from 4 Countries,blackthorn-vision.com,+380 66 246 4843 +380 73 469 8502,$15 to $25,"$75,000 to $150,000","['c# 45.03%', 'reactjs 45.03%', '.net 44.65%', 'azure 44.65%', 'javascript 38.53%', 'asp.net 38.05%', 'xamarin 38.05%', 'swift 32.03%']","[',45.03/100 startup,31.07/100 education,10/100 financial services,10/100 medical & healthcare,10/100 oil & energy,10/100 leisure & travel,10/100 manufacturing,10/100 logistics & supply chain,']",SciChart,Sheldon Vestey,"Senior Strategy & Marketing Executive, SciChart  ","London, United Kingdom",Company Size : 11 to 20 employees,False,Captable,Marco Janeczek,"o-Founder and Head of Product, Townhill Software Corporation  ","Ottawa, Canada",Company Size : less than 10 employees
,,,,,,,,,,,,,,Bliss Mechanics Academy,Bren Besser,"Founder, Bliss Mechanics  ","Florida City, United States",Company Size : less than 10 employees,False,OrgWeaver,Tor Kielland,"Co-Founder and CTO, BrightArch AS  ","Oslo, Norway",Company Size : less than 10 employees
,,,,,,,,,,,,,,OrgWeaver,Tor Kielland,"Co-Founder and CTO, BrightArch AS  ","Oslo, Norway",Company Size : less than 10 employees,False,Bliss Mechanics Academy,Bren Besser,"Founder, Bliss Mechanics  ","Florida City, United States",Company Size : less than 10 employees
,,,,,,,,,,,,,,Captable,Marco Janeczek,"o-Founder and Head of Product, Townhill Software Corporation  ","Ottawa, Canada",Company Size : less than 10 employees,False,SciChart,Sheldon Vestey,"Senior Strategy & Marketing Executive, SciChart  ","London, United Kingdom",Company Size : 11 to 20 employees
Pixetic,https://extract.co/pixetic,L'viv,Ukraine,2017,21 to 50 employees,1 Office,Clients from 2 Countries,pixetic.com,+380 67 230 4670,$26 to $50,$3000 to $8000,"['html 36.48%', 'css 31.07%', 'wordpress 31.07%']","[',31.07/100 financial services,28.89/100 e-commerce,10/100 banking,10/100 education,10/100 entertainment,10/100 fashion,10/100 government,10/100 medical & healthcare,10/100 retail,']",Delivery app concept,,e-commerce Company ,"Boston, United States",Company Size : less than 10 employees,False,Bear Analytics,Bear Analytics,"Bear Analytics, Bear Analytics  ","London, United Kingdom",Company Size : 11 to 20 employees
,,,,,,,,,,,,,,Bear Analytics,Bear Analytics,"Bear Analytics, Bear Analytics  ","London, United Kingdom",Company Size : 11 to 20 employees,False,Perfectial website redesign,Perfectial,"Perfectial, Perfectial  ","Boston, United States",Company Size : less than 10 employees
,,,,,,,,,,,,,,,,,,,False,Delivery app concept,,e-commerce Company ,"Boston, United States",Company Size : less than 10 employees
Fgfactory,https://extract.co/fgfactory,Kharkiv,Ukraine,2010,21 to 50 employees,1 Office,Clients from 6 Countries,fgfactory.com,+380 68 212 7083,$26 to $50,"$38,000 to $75,000","['c# 49.79%', 'html 37.28%', 'reactjs 31.66%', 'java 29.9%']","[',44.24/100 entertainment,31.66/100 financial services,27.29/100 games,10/100 education,10/100 gambling & casinos,10/100 social networking,']",Long Game,Lindsay Holden,"CEO, LONG GAME SAVINGS INC  ","San Francisco, United States",Company Size : 21 to 50 employees,False,Playcrowd gambling app,Sergei Koziar,"CEO, Zulko Gaming Limited  ","London, United Kingdom",Company Size : less than 10 employees
,,,,,,,,,,,,,,Timber Slash,Nikolay Ananiev,"CEO, No Six Five EOOD  ","Sofia, Bulgaria",Company Size : 11 to 20 employees,False,Raise a Bird,Magaly Valette,"Director, Nomadcreative  ","Sierre, Switzerland",Company Size : less than 10 employees
,,,,,,,,,,,,,,Babyloonz,Niklas Malmqvist,"Director, Lekis AB  ","Stockholm, Sweden",Company Size : less than 10 employees,False,Mission Zoo,Oswald Bernard,"CEO, Metidia SAS  ","Paris, France",Company Size : less than 10 employees
,,,,,,,,,,,,,,Raise a Bird,Magaly Valette,"Director, Nomadcreative  ","Sierre, Switzerland",Company Size : less than 10 employees,False,Alien Escape - Logic Puzzles,Jeremy Sharvit,"CEO,   ","Aventura, United States",Company Size : less than 10 employees
,,,,,,,,,,,,,,Playcrowd gambling app,Sergei Koziar,"CEO, Zulko Gaming Limited  ","London, United Kingdom",Company Size : less than 10 employees,False,Babyloonz,Niklas Malmqvist,"Director, Lekis AB  ","Stockholm, Sweden",Company Size : less than 10 employees
,,,,,,,,,,,,,,,,,,,False,Timber Slash,Nikolay Ananiev,"CEO, No Six Five EOOD  ","Sofia, Bulgaria",Company Size : 11 to 20 employees
,,,,,,,,,,,,,,,,,,,False,Long Game,Lindsay Holden,"CEO, LONG GAME SAVINGS INC  ","San Francisco, United States",Company Size : 21 to 50 employees
Agilites,https://extract.co/agilites,Kharkiv,Ukraine,2012,51 to 100 employees,1 Office,Clients from 3 Countries,agilites.com,+380 50 303 7317,$26 to $50,"$25,000 to $50,000","['html 38.53%', 'javascript 38.53%', 'objective c 37.57%', 'css 32.03%', 'java 32.03%', 'jquery 32.03%', '.net 32.03%', 'sql server 32.03%', 'xml 32.03%']","[',32.03/100 education,32.03/100 medical & healthcare,32.03/100 online services,30.11/100 games,1/100 entertainment,1/100 government,']",Digital Therapeutics Platform | Dedicated Development Team,Elad Levran,"VP Client Relations, Wellness Layers  ","New York, United States",Company Size : 21 to 50 employees,False,Software Testing | Learning and Talent Management Platform,Pavel Kovalev,"VP Product Development, WebSoft  ","Moscow, Russia",Company Size : 51 to 100 employees
,,,,,,,,,,,,,,Puzzle Mobile Game Manual Testing,,games Company ,"Moscow, Russia",Company Size : 101 to 200 employees,False,Manual Testing of an Engineering Simulation Platform,Gennadiy Bulakh,"Team Leader. QA Engineer, SimScale GmbH  ","Munich, Germany",Company Size : 21 to 50 employees
,,,,,,,,,,,,,,Manual Testing of an Engineering Simulation Platform,Gennadiy Bulakh,"Team Leader. QA Engineer, SimScale GmbH  ","Munich, Germany",Company Size : 21 to 50 employees,False,Puzzle Mobile Game Manual Testing,,games Company ,"Moscow, Russia",Company Size : 101 to 200 employees
,,,,,,,,,,,,,,Software Testing | Learning and Talent Management Platform,Pavel Kovalev,"VP Product Development, WebSoft  ","Moscow, Russia",Company Size : 51 to 100 employees,False,Digital Therapeutics Platform | Dedicated Development Team,Elad Levran,"VP Client Relations, Wellness Layers  ","New York, United States",Company Size : 21 to 50 employees
WOXAPP,https://extract.co/woxapp,Dnipropetrovs'k,Ukraine,2011,21 to 50 employees,1 Office,Clients from 2 Countries,woxapp.com,+380 67 787 0708,$26 to $50,"$18,000 to $38,000","['java 45.03%', 'redis 38.24%', 'swift 38.24%', 'angular.js 32.03%', 'nginx 32.03%', 'symfony 32.03%', 'javascript 31.44%']","[',44.8/100 startup,32.03/100 food & beverages,10/100 automotive,10/100 consumer,10/100 e-commerce,10/100 lifestyle,10/100 logistics & supply chain,10/100 manufacturing,10/100 real estate,10/100 retail,']",ZealStep - running app for iOS,,startup Company ,"Moscow, Russia",Company Size : less than 10 employees,False,TA-DA - Android Mobile Application for Network of Supermarkets,,retail Company ,"Poltava, Ukraine",Company Size : less than 10 employees
,,,,,,,,,,,,,,Wine Cellar,Kirill,"Co-Founder, Wine Cellar  ","Kyiv, Ukraine",Company Size : less than 10 employees,False,Redex,,startup Company ,"Kyiv, Ukraine",Company Size : less than 10 employees
,,,,,,,,,,,,,,Wi - Fi Space,Konstantin,"Co-Founder, wi-fi space  ","Dnipro, Ukraine",Company Size : 21 to 50 employees,False,Wi - Fi Space,Konstantin,"Co-Founder, wi-fi space  ","Dnipro, Ukraine",Company Size : 21 to 50 employees
,,,,,,,,,,,,,,Redex,,startup Company ,"Kyiv, Ukraine",Company Size : less than 10 employees,False,Wine Cellar,Kirill,"Co-Founder, Wine Cellar  ","Kyiv, Ukraine",Company Size : less than 10 employees
,,,,,,,,,,,,,,,,,,,False,ZealStep - running app for iOS,,startup Company ,"Moscow, Russia",Company Size : less than 10 employees
Rademade,https://extract.co/rademade,,Ukraine,2011,51 to 100 employees,1 Office,Clients from 4 Countries,rademade.com,+380 44 333 4760,$26 to $50,"$50,000 to $100,000","['css 44.88%', 'html 44.88%', 'angular.js 32.03%', 'ruby 32.03%', 'ruby on rails 32.03%', 'swift 32.03%']","[',32.03/100 education,32.03/100 e-commerce,32.03/100 medical & healthcare,31.66/100 leisure & travel,1/100 logistics & supply chain,1/100 online services,1/100 security,1/100 financial services,1/100 real estate,1/100 startup,']",MakDu,,e-commerce Company ,"Milwaukee, United States",Company Size : less than 10 employees,,,,,,
,,,,,,,,,,,,,,Health24,Artem Pirozhenko,"CEO, Health24  ","Kiev, Ukraine",Company Size : less than 10 employees,False,Adlevo,Dan Granath,"Co-founder, Adlevo  ","Tromsø, Norway",Company Size : less than 10 employees
,,,,,,,,,,,,,,Adlevo,Dan Granath,"Co-founder, Adlevo  ","Tromsø, Norway",Company Size : less than 10 employees,False,Health24,Artem Pirozhenko,"CEO, Health24  ","Kiev, Ukraine",Company Size : less than 10 employees
,,,,,,,,,,,,,,Jaacoo,Niko Von Glasow,"Founder, Jaacoo  ","Tuscania, Italy",Company Size : less than 10 employees,False,MakDu,,e-commerce Company ,"Milwaukee, United States",Company Size : less than 10 employees
Itera Research,https://extract.co/iteraresearch,,Ukraine,2004,51 to 100 employees,1 Office,Clients from 4 Countries,www.itera-research.com,+1 315-642-4292,$26 to $50,"$38,000 to $75,000","['php 37.07%', 'javascript 31.07%', 'mysql 31.07%', 'yii 30.06%']","[',31.07/100 education,30.06/100 real estate,10/100 automotive,10/100 e-commerce,10/100 entertainment,10/100 fashion,10/100 logistics & supply chain,10/100 banking,10/100 social networking,10/100 sports,']",e-Doctrina,Eon Verrall,"President, CEO, Edoctrina  ","Buffalo, United States",Company Size : 11 to 20 employees,False,Hourtool,Thomas Dolberg,"Owner, thomasdolberg.com  ","Danmark, Sweden",Company Size : less than 10 employees
,,,,,,,,,,,,,,MVP,Daniel Leong,"Owner, SunTzu  ","Eltham North, Australia",Company Size : less than 10 employees,False,MVP,Daniel Leong,"Owner, SunTzu  ","Eltham North, Australia",Company Size : less than 10 employees
,,,,,,,,,,,,,,,,,,,False,TeamOutLoud,Pedro Tadeu,"Owner, Leverage  ","Lisbon, Portugal",Company Size : less than 10 employees
,,,,,,,,,,,,,,,,,,,False,e-Doctrina,Eon Verrall,"President, CEO, Edoctrina  ","Buffalo, United States",Company Size : 11 to 20 employees
MintyMint,https://extract.co/mintymint,,Ukraine,2017,51 to 100 employees,1 Office,Clients from 6 Countries,mintymint.net,,$26 to $50,"$50,000 to $100,000","['angular.js 31.66%', 'php 31.66%', 'javascript 30.49%', 'reactjs 30.49%']","[',31.66/100 e-commerce,30.49/100 leisure & travel,10/100 banking,10/100 financial services,10/100 legal,10/100 logistics & supply chain,10/100 medical & healthcare,10/100 online services,10/100 real estate,10/100 startup,']",Cybershoes,MICHAEL BIEGLMAYER,"CEO, Owner & Inventor, https://www.cybershoes.com/  ","Vienna, Austria",Company Size : less than 10 employees,False,GroupGiftz,Celine Ofori-Amanfo,"Founder, CEO, GroupGiftz  ","New York, United States",Company Size : less than 10 employees
,,,,,,,,,,,,,,Pluto,Alex Rainey,"Co-founder, CEO & CTO, Pluto  ","London, United Kingdom",Company Size : less than 10 employees,False,Vreel,Edward Thomas,"Founder, Vreel  ","Stockholm, Sweden",Company Size : less than 10 employees
,,,,,,,,,,,,,,,,,,,False,Pluto,Alex Rainey,"Co-founder, CEO & CTO, Pluto  ","London, United Kingdom",Company Size : less than 10 employees
,,,,,,,,,,,,,,,,,,,False,Cybershoes,MICHAEL BIEGLMAYER,"CEO, Owner & Inventor, https://www.cybershoes.com/  ","Vienna, Austria",Company Size : less than 10 employees
,,,,,,,,,,,,,,,,,,,False,4friends,"Hermann Ehringfeld, Silvia Hassler","CEO, https://4friends.space/  ","Vienna, Austria",Company Size : less than 10 employees
,,,,,,,,,,,,,,,,,,,False,Everteam,Béchara Wakim,"Founder, Everteam  ","Lyon, France",Company Size : less than 10 employees
,,,,,,,,,,,,,,,,,,,False,Bankiom,Danny Abla,"Founder, Bankiom  ","Dubai, United Arab Emirates",Company Size : less than 10 employees
,,,,,,,,,,,,,,,,,,,False,Enita AR,Daniel Maslov,"Head Manager, ENITA LTD  ","Kryvyi Rih, Ukraine",Company Size : less than 10 employees
,,,,,,,,,,,,,,,,,,,False,Al Dossary Stores,,e-commerce Company ,"Dammam, Saudi Arabia",Company Size : less than 10 employees
,,,,,,,,,,,,,,,,,,,False,Holzdorf AR app,Vlad Surma,"Deputy Commercial Director, Gelikom LV LLC  ","Kyiv, Ukraine",Company Size : less than 10 employees
LinkUp Studio,https://extract.co/linkupstudio,,Ukraine,2013,21 to 50 employees,1 Office,Clients from 2 Countries,linkupst.com,+380 96 377 9470,$26 to $50,"$25,000 to $50,000","['ruby on rails 38.24%', 'amazon web services 38.05%', 'reactjs 37.76%', 'ionic 32.03%', 'javascript 32.03%', 'mongodb 31.44%', 'laravel 31.07%']","[',32.03/100 food & beverages,31.44/100 entertainment,31.07/100 retail,10/100 education,10/100 games,10/100 legal,10/100 leisure & travel,10/100 lifestyle,10/100 real estate,10/100 startup,']",Wholesum food calculator,John Kamman,"Owner and founder, Wholesum  ","Missoula, United States",Company Size : less than 10 employees,False,Snagshout,Paul Johnson,"Founder and CEO, Snagshout  ","Spokane, United States",Company Size : less than 10 employees
,,,,,,,,,,,,,,Wisio,Adam Frank,"Founder & CTO, Wisio  ","Jerusalem, Israel",Company Size : less than 10 employees,False,Wisio,Adam Frank,"Founder & CTO, Wisio  ","Jerusalem, Israel",Company Size : less than 10 employees
,,,,,,,,,,,,,,Snagshout,Paul Johnson,"Founder and CEO, Snagshout  ","Spokane, United States",Company Size : less than 10 employees,False,Wholesum food calculator,John Kamman,"Owner and founder, Wholesum  ","Missoula, United States",Company Size : less than 10 employees
,,,,,,,,,,,,,,,,,,,False,FlashBakC,Americo Mabu,"client, FlashBakC  ","Washington, United States",Company Size : less than 10 employees
,,,,,,,,,,,,,,,,,,,False,Snapchur/Vame,Name,"-, Snapchur  ","New York, United States",Company Size : less than 10 employees
,,,,,,,,,,,,,,,,,,,False,LetsSurf,,entertainment Company ,"New York, United States",Company Size : less than 10 employees
,,,,,,,,,,,,,,,,,,,False,oMap,,food & beverages Company ,"Poland, United States",Company Size : less than 10 employees
,,,,,,,,,,,,,,,,,,,False,TrainAway,,entertainment Company ,"Denmark, United States",Company Size : less than 10 employees
,,,,,,,,,,,,,,,,,,,False,The MatchPlayer,,entertainment Company ,"Zürich, Switzerland",Company Size : less than 10 employees
,,,,,,,,,,,,,,,,,,,False,Ayoo Dance,,entertainment Company ,"Zürich, Switzerland",Company Size : less than 10 employees
,,,,,,,,,,,,,,,,,,,False,FlashBakC,Americo Mabu,"client, FlashBakC  ","Washington, United States",Company Size : less than 10 employees
,,,,,,,,,,,,,,,,,,,False,Snapchur/Vame,Name,"-, Snapchur  ","New York, United States",Company Size : less than 10 employees
,,,,,,,,,,,,,,,,,,,False,The Worx - A Property Management System,Sean Peace,"President, Alternative X Group, Inc  ","Raleigh, United States",Company Size : less than 10 employees
,,,,,,,,,,,,,,,,,,,False,Development of an IT-ecosystem in the insurance domain,Tymur Snezhko,"Head Of Marketing, JS KRAYINA IC  ","Ukrainka,",Company Size : less than 10 employees
,,,,,,,,,,,,,,,,,,,False,iDoRecall,,education Company ,"Mount Laurel Township, United States",Company Size : less than 10 employees
Ciklum,https://extract.co/ciklum,Kyiv,Ukraine,2002,1001 and Above,15 Offices (MNC),Clients from 1 Country,www.ciklum.com,+380 44 545 7745 +44 20 3199 5225 +45 70 27 80 90 +41 44 455 66 90 +380 48 734 5030 +380 48 734 5031 +380 432 508 285 +92 42 35203565,$26 to $50,"$38,000 to $75,000","['java 26.23%', 'angular.js 26.23%', 'javascript 26.23%', 'mysql 26.23%', 'html 26.23%', 'objective c 26.23%']","[',26.23/100 online services,1/100 banking,1/100 e-commerce,1/100 entertainment,1/100 real estate,1/100 retail,1/100 financial services,1/100 leisure & travel,1/100 logistics & supply chain,1/100 medical & healthcare,']",Web and Mobile Nearshore Team for The Swiss Personnel Placement Platform,,online services Company ,"Zürich, Switzerland",Company Size : 101 to 200 employees,False,A Global Private Banking Group Developed the new Banking System with Ciklum team,,banking Company ,"Zürich, Switzerland",Company Size : less than 10 employees
,,,,,,,,,,,,,,,,,,,False,Web and Mobile Nearshore Team for The Swiss Personnel Placement Platform,,online services Company ,"Zürich, Switzerland",Company Size : 101 to 200 employees
,,,,,,,,,,,,,,,,,,,False,ACC  MOBILE APPLICATION,American Chamber of Commerce,"Business association, American Chamber of Commerce  ","Kyiv, Ukraine",Company Size : less than 10 employees
,,,,,,,,,,,,,,,,,,,False,MOBILE LEARNING SOLUTION FOR SYNGENTA,Syngenta,"Agrochemical company, Syngenta  ","Basel, Switzerland",Company Size : less than 10 employees
,,,,,,,,,,,,,,,,,,,False,AUCHAN  MOBILE APPLICATION,Auhan,"Retail, Groupe Auchan SA  ","Lille, France",Company Size : less than 10 employees
,,,,,,,,,,,,,,,,,,,False,Nimbla,,financial services Company ,"London, United Kingdom",Company Size : less than 10 employees
,,,,,,,,,,,,,,,,,,,False,SolarHome,,startup Company ,"Singapore, Singapore",Company Size : less than 10 employees
,,,,,,,,,,,,,,,,,,,False,theCHIVE,,entertainment Company ,"New York, United States",Company Size : less than 10 employees
,,,,,,,,,,,,,,,,,,,False,Print My Glasses,,medical & healthcare Company ,"Amsterdam, Netherlands",Company Size : less than 10 employees
,,,,,,,,,,,,,,,,,,,False,Bootcamp Groupie,,sports Company ,"Portland, United States",Company Size : less than 10 employees
,,,,,,,,,,,,,,,,,,,False,Ruggengraat,,medical & healthcare Company ,"Amsterdam, Netherlands",Company Size : less than 10 employees
,,,,,,,,,,,,,,,,,,,False,INKLNK,,social networking Company ,"Los Angeles, United States",Company Size : less than 10 employees
,,,,,,,,,,,,,,,,,,,False,Inteliwound,,medical & healthcare Company ,"San Diego, United States",Company Size : less than 10 employees
,,,,,,,,,,,,,,,,,,,False,Fliplet,Ian Broom,"A platform for web and mobile development with a drag and drop interface for non-technical people to create and maintain their own bespoke apps and relieve the pressure on IT to maintain app, Fliplet  ","London, United Kingdom",Company Size : less than 10 employees
,,,,,,,,,,,,,,,,,,,False,Recap Investing,,financial services Company ,"New York, United States",Company Size : less than 10 employees
,,,,,,,,,,,,,,,,,,,False,Hairmax,,medical & healthcare Company ,"Boca Raton, United States",Company Size : less than 10 employees
,,,,,,,,,,,,,,,,,,,False,Nimbla,,financial services Company ,"London, United Kingdom",Company Size : less than 10 employees
,,,,,,,,,,,,,,,,,,,False,SolarHome,,startup Company ,"Singapore, Singapore",Company Size : less than 10 employees
,,,,,,,,,,,,,,,,,,,False,theCHIVE,,entertainment Company ,"New York, United States",Company Size : less than 10 employees
Gravelsoft,https://extract.co/gravelsoft,L'viv,Ukraine,2016,101 to 200 employees,1 Office,Clients from 1 Country,gravelsoft.com,+380 50 501 5475,$26 to $50,"$100,000 and $200,000","['amazon web services 32.03%', 'java 32.03%', 'mysql 32.03%']","[',32.03/100 startup,10/100 financial services,10/100 leisure & travel,10/100 medical & healthcare,10/100 real estate,10/100 retail,10/100 banking,']",MVP for Sales Enablement Platform,Multipepers,"Sales Enablement Platform, Multipepers  ","Finland, Canada",Company Size : less than 10 employees,False,MVP for Sales Enablement Platform,Multipepers,"Sales Enablement Platform, Multipepers  ","Finland, Canada",Company Size : less than 10 employees
,,,,,,,,,,,,,,,,,,,False,Wikibranch,,startup Company ,"San Francisco, United States",Company Size : less than 10 employees
,,,,,,,,,,,,,,,,,,,False,ACC  MOBILE APPLICATION,American Chamber of Commerce,"Business association, American Chamber of Commerce  ","Kyiv, Ukraine",Company Size : less than 10 employees
,,,,,,,,,,,,,,,,,,,False,MOBILE LEARNING SOLUTION FOR SYNGENTA,Syngenta,"Agrochemical company, Syngenta  ","Basel, Switzerland",Company Size : less than 10 employees
,,,,,,,,,,,,,,,,,,,False,AUCHAN  MOBILE APPLICATION,Auhan,"Retail, Groupe Auchan SA  ","Lille, France",Company Size : less than 10 employees
,,,,,,,,,,,,,,,,,,,False,Wikibranch,,startup Company ,"San Francisco, United States",Company Size : less than 10 employees
Syntech Software,https://extract.co/syntechsoftware,,Ukraine,2017,21 to 50 employees,1 Office,Clients from 4 Countries,syntech.software,+380 50 777 0387,$26 to $50,"$10,000 to $25,000","['bootstrap 32.03%', 'django 32.03%', 'reactjs 32.03%']","[',38.53/100 e-commerce,10/100 consumer,10/100 education,10/100 entertainment,10/100 logistics & supply chain,10/100 manufacturing,10/100 retail,10/100 startup,']",Live chat for E-Commerce Store,,e-commerce Company ,"Kharkiv, Ukraine",Company Size : less than 10 employees,False,FARAMOON,Steven Chau,"Co-Founder, FARAMOON  ","Melbourne, Australia",Company Size : less than 10 employees
,,,,,,,,,,,,,,UI/UX redesign for the European wine importer,,e-commerce Company ,"Horst, Netherlands",Company Size : 11 to 20 employees,False,NAV-TV Corp. is an automotive electronics manufacturer in the U.S.,,e-commerce Company ,"Florida City, United States",Company Size : less than 10 employees
,,,,,,,,,,,,,,,,,,,False,UI/UX redesign for the European wine importer,,e-commerce Company ,"Horst, Netherlands",Company Size : 11 to 20 employees
,,,,,,,,,,,,,,,,,,,False,Live chat for E-Commerce Store,,e-commerce Company ,"Kharkiv, Ukraine",Company Size : less than 10 employees
Noltic,https://extract.co/noltic,L'viv,Ukraine,2017,21 to 50 employees,1 Office,Clients from 1 Country,noltic.com,,$76 to $120,"$10,000 to $25,000",['salesforce 32.03%'],"[',32.03/100 productivity,10/100 education,10/100 medical & healthcare,10/100 real estate,']",Closeplan,Seamus Devine,"Founder, The Sales Productivity Company  ","San Francisco, United States",Company Size : less than 10 employees,False,Closeplan,Seamus Devine,"Founder, The Sales Productivity Company  ","San Francisco, United States",Company Size : less than 10 employees
NodeArt,https://extract.co/nodeart,,Ukraine,2015,21 to 50 employees,1 Office,Clients from 1 Country,nodeart.io,+380 50 553 5424,$26 to $50,"$25,000 to $50,000","['angular.js 30.27%', 'firebase 30.27%']","[',30.27/100 e-commerce,10/100 banking,10/100 gambling & casinos,10/100 manufacturing,10/100 marketing & advertising,10/100 online services,10/100 startup,']",angularcommerce.io,OpenSource,"GitHub, No  ","Kyiv, Ukraine",Company Size : less than 10 employees,False,angularcommerce.io,OpenSource,"GitHub, No  ","Kyiv, Ukraine",Company Size : less than 10 employees
,,,,,,,,,,,,,,,,,,,False,BookSpaHotel,,medical & healthcare Company ,"Ukrainka,",Company Size : less than 10 employees
,,,,,,,,,,,,,,,,,,,False,AJWA Hotel Sultanahmet,AJWA Hotel Sultanahmet,"Hotel, AJWA Hotel Sultanahmet  ","Istanbul, Turkey",Company Size : less than 10 employees
,,,,,,,,,,,,,,,,,,,False,ASKA website,ASKA,"Insurance, ASKA  ","Kyiv, Ukraine",Company Size : less than 10 employees
,,,,,,,,,,,,,,,,,,,False,Apfel Group website,Apfel Group,"Industrial ingeneering, Apfel Group  ","Kyiv, Ukraine",Company Size : less than 10 employees
,,,,,,,,,,,,,,,,,,,False,WannaBe.Guru,,online services Company ,"San Francisco, United States",Company Size : less than 10 employees
,,,,,,,,,,,,,,,,,,,False,LARANG,Kseniya,"Ceo, LARANG  ","Odesa, Ukraine",Company Size : less than 10 employees
,,,,,,,,,,,,,,,,,,,False,VSYA BUDOVA,Ern,"Ceo, VSYA BUDOVA  ","Odesa, Ukraine",Company Size : less than 10 employees
,,,,,,,,,,,,,,,,,,,False,NEW KADORR,Ern,"Ceo, NEW KADORR  ","Odesa, Ukraine",Company Size : less than 10 employees
,,,,,,,,,,,,,,,,,,,False,OBRAZEC-2000,Ivan,"Ceo, OBRAZEC-2000  ","Odesa, Ukraine",Company Size : less than 10 employees
,,,,,,,,,,,,,,,,,,,False,ZUTI.RU,Sergey,"Ceo, ZUTI.RU  ","Moscow, Russia",Company Size : less than 10 employees
,,,,,,,,,,,,,,,,,,,False,ACTIVE MEDICAL,Alexander,"Ceo, ACTIVE MEDICAL  ","Mykolaivka, Ukraine",Company Size : less than 10 employees
,,,,,,,,,,,,,,,,,,,False,DR.PATLAZHAN,Gennady,"Ceo, DR.PATLAZHAN  ","Odesa, Ukraine",Company Size : less than 10 employees
,,,,,,,,,,,,,,,,,,,False,SVEKATERINA,Kseniya,"Ceo, SVEKATERINA  ","Odesa, Ukraine",Company Size : less than 10 employees
,,,,,,,,,,,,,,,,,,,False,IVIK-YUG,Sergey,"Ceo, IVIK-YUG  ","Odesa, Ukraine",Company Size : less than 10 employees
,,,,,,,,,,,,,,,,,,,False,BANCKOM,Ivan,"Ceo, BANCKOM  ","Odesa, Ukraine",Company Size : less than 10 employees
,,,,,,,,,,,,,,,,,,,False,AUTOHELP,Konstantin,"Ceo, AUTOHELP  ","Odesa, Ukraine",Company Size : less than 10 employees
,,,,,,,,,,,,,,,,,,,False,OKTAM,Artem,"Ceo, OKTAM  ","Saint Petersburg, Russia",Company Size : less than 10 employees
,,,,,,,,,,,,,,,,,,,False,KOZII CONSULT,Vlada,"Ceo, KOZII  ","Odessa, United States",Company Size : less than 10 employees
,,,,,,,,,,,,,,,,,,,False,LA LASER ENGRAVING,Ivan,"Ceo, LA LASER ENGRAVING  ","Los Angeles, United States",Company Size : less than 10 employees
,,,,,,,,,,,,,,,,,,,False,WILLIAM WALLACE,Dmitry,"Ceo, WILLIAM WALLACE  ","Los Angeles, United States",Company Size : less than 10 employees
,,,,,,,,,,,,,,,,,,,False,ARMADA,Vadim,"Ceo, ARMADA  ","Odesa, Ukraine",Company Size : less than 10 employees
,,,,,,,,,,,,,,,,,,,False,NOVOSTROY,Vadim,"Ceo, NOVOSTROY  ","Odesa, Ukraine",Company Size : less than 10 employees
,,,,,,,,,,,,,,,,,,,False,SPSERVICE,Bogdan,"Ceo, SPSERVICE  ",",",Company Size : less than 10 employees
,,,,,,,,,,,,,,,,,,,False,MOBIWAY,Denis,"Ceo, MOBIWAY  ","Minsk, Belarus",Company Size : less than 10 employees
,,,,,,,,,,,,,,,,,,,False,PROKOSMEETIKA.EE,Risto,"Ceo, Prokosmeetika  ","Tallinn, Estonia",Company Size : less than 10 employees
,,,,,,,,,,,,,,,,,,,False,PROSTO-CNC,Sergey,"Ceo, [email protected] ","Odesa, Ukraine",Company Size : less than 10 employees
,,,,,,,,,,,,,,,,,,,False,MW-DOM,Igor,"Ceo, MW-DOM  ","Odesa, Ukraine",Company Size : less than 10 employees
,,,,,,,,,,,,,,,,,,,False,PETRONAS,Igor,"Ceo, PETRONAS  ","Odesa, Ukraine",Company Size : less than 10 employees
,,,,,,,,,,,,,,,,,,,False,UGE COMPANY,Nikolai,"Ceo, UGE COMPANY  ","Odesa, Ukraine",Company Size : less than 10 employees
,,,,,,,,,,,,,,,,,,,False,AVINION,Igor,"Ceo, AVINION  ","Odesa, Ukraine",Company Size : less than 10 employees
,,,,,,,,,,,,,,,,,,,False,CLUB MARINE,Igor,"Ceo, CLUB MARINE  ","Odesa, Ukraine",Company Size : less than 10 employees
,,,,,,,,,,,,,,,,,,,False,GRAF-DEVELOPMENT,Ern,"Ceo, Graf  ","Odesa, Ukraine",Company Size : less than 10 employees
,,,,,,,,,,,,,,,,,,,False,LA NOVALE,Yana,"Ceo, Lanovale  ","Odesa, Ukraine",Company Size : less than 10 employees
Noltic,https://extract.co/noltic,L'viv,Ukraine,2017,21 to 50 employees,1 Office,Clients from 1 Country,noltic.com,,$76 to $120,"$10,000 to $25,000",['salesforce 32.03%'],"[',32.03/100 productivity,10/100 education,10/100 medical & healthcare,10/100 real estate,']",Closeplan,Seamus Devine,"Founder, The Sales Productivity Company  ","San Francisco, United States",Company Size : less than 10 employees,False,Closeplan,Seamus Devine,"Founder, The Sales Productivity Company  ","San Francisco, United States",Company Size : less than 10 employees
,,,,,,,,,,,,,,,,,,,False,Capital Times,,lifestyle Company ,"Ukrainka, Ukraine",Company Size : less than 10 employees
NodeArt,https://extract.co/nodeart,,Ukraine,2015,21 to 50 employees,1 Office,Clients from 1 Country,nodeart.io,+380 50 553 5424,$26 to $50,"$25,000 to $50,000","['angular.js 30.27%', 'firebase 30.27%']","[',30.27/100 e-commerce,10/100 banking,10/100 gambling & casinos,10/100 manufacturing,10/100 marketing & advertising,10/100 online services,10/100 startup,']",angularcommerce.io,OpenSource,"GitHub, No  ","Kyiv, Ukraine",Company Size : less than 10 employees,False,angularcommerce.io,OpenSource,"GitHub, No  ","Kyiv, Ukraine",Company Size : less than 10 employees
Diceus,https://extract.co/diceus,Kyiv,Ukraine,2011,101 to 200 employees,1 Office,Clients from 1 Country,www.diceus.com,+380 96 366 4726,$26 to $50,"$100,000 and $200,000","['.net 32.03%', 'java 32.03%']","[',32.03/100 online services,10/100 e-commerce,10/100 financial services,10/100 government,10/100 insurance,10/100 marketing & advertising,10/100 construction,10/100 real estate,10/100 retail,10/100 social networking,']",YoudAsk,Nick,"Ukraine, YoudAsk  ","Kiev, Ukraine",Company Size : 21 to 50 employees,False,YoudAsk,Nick,"Ukraine, YoudAsk  ","Kiev, Ukraine",Company Size : 21 to 50 employees
,,,,,,,,,,,,,,,,,,,False,StudioNinja CRM,,social networking Company ,"Australia Plains, Australia",Company Size : less than 10 employees
Artjoker,https://extract.co/artjoker,Kharkiv,Ukraine,2006,101 to 200 employees,2 Offices (MNC),Clients from 12 Countries,artjoker.net,+380 57 757 6067 +1 347-960-3593,$26 to $50,$3000 to $8000,"['html 67.34%', 'css 61.22%', 'javascript 50.56%', 'java 35.92%', 'laravel 35.2%', 'reactjs 32.03%', 'jquery 26.23%']","[',50.37/100 online services,47.87/100 e-commerce,37.73/100 food & beverages,29.37/100 financial services,10/100 marketing & advertising,10/100 real estate,10/100 retail,1/100 medical & healthcare,1/100 startup,']",D4FS,Anton Danilov,"CEO, D4FS  ","Kharkiv, Ukraine",Company Size : 11 to 20 employees,False,German museum,German museum,"online exhibition,   ","Kyiv, Ukraine",Company Size : less than 10 employees
,,,,,,,,,,,,,,DeinRestaurant,Alexandr Rot,"CEO, Dein Restaurant  ","Hürth, Germany",Company Size : less than 10 employees,False,Chargo,Chargo,"renting power banks,   ","Oslo, Norway",Company Size : less than 10 employees
,,,,,,,,,,,,,,Ledworld.nl,,e-commerce Company ,"Amsterdam, Netherlands",Company Size : less than 10 employees,False,Rejo,Rejo,"online booking football fields,   ","Ukrainka,",Company Size : less than 10 employees
,,,,,,,,,,,,,,AviaLux.net,,entertainment Company ,"Dubai, United Arab Emirates",Company Size : 11 to 20 employees,False,RentNow,RentNow,"Service for renting tools,   ","Ukrainka,",Company Size : less than 10 employees
,,,,,,,,,,,,,,Snoozebaby,,e-commerce Company ,"Uithoorn, Netherlands",Company Size : less than 10 employees,False,VeroCash,,financial services Company ,"Ukrainka,",Company Size : less than 10 employees
,,,,,,,,,,,,,,,,,,,False,OptiTaxi,OptiTaxi,"Taxi,   ","Ukrainka,",Company Size : less than 10 employees
,,,,,,,,,,,,,,,,,,,False,Kumo,Kumo,"Provider of online credits,   ","Ukrainka,",Company Size : less than 10 employees
,,,,,,,,,,,,,,,,,,,False,Tulsun,,financial services Company ,"Kiev, Ukraine",Company Size : less than 10 employees
,,,,,,,,,,,,,,,,,,,False,Vojo,,online services Company ,"Zürich, Switzerland",Company Size : less than 10 employees
,,,,,,,,,,,,,,,,,,,False,MyCredit,Igor,"Department manager, MY Credit  ","Dnipro, Ukraine",Company Size : less than 10 employees
,,,,,,,,,,,,,,,,,,,False,Solar Home,Janne,"Head manager, Solarnation  ","Calgary, Canada",Company Size : less than 10 employees
,,,,,,,,,,,,,,,,,,,False,ABC server,Katy,"Development manager, abc technologies  ","Washington, United States",Company Size : less than 10 employees
,,,,,,,,,,,,,,,,,,,False,Prostor,,e-commerce Company ,"Kiev, Ukraine",Company Size : 11 to 20 employees
,,,,,,,,,,,,,,,,,,,False,Pink Diablo,,fashion Company ,"Moscow, Russia",Company Size : 11 to 20 employees
,,,,,,,,,,,,,,,,,,,False,Asia Waters,,food & beverages Company ,"Kazahstan, Kazakhstan",Company Size : 351 to 600 employees
,,,,,,,,,,,,,,,,,,,False,LindeGas,,medical & healthcare Company ,"Kiev, Ukraine",Company Size : less than 10 employees
,,,,,,,,,,,,,,,,,,,False,Agroport,,online services Company ,"Lviv, Ukraine",Company Size : 11 to 20 employees
,,,,,,,,,,,,,,,,,,,False,Credit365,,financial services Company ,"Kharkiv, Ukraine",Company Size : 51 to 100 employees
,,,,,,,,,,,,,,,,,,,False,Los Angeles Alliance,,online services Company ,"Los Angeles, United States",Company Size : less than 10 employees
,,,,,,,,,,,,,,,,,,,False,VPN,,online services Company ,"New York, United States",Company Size : 11 to 20 employees
,,,,,,,,,,,,,,,,,,,False,Virtbox,,social networking Company ,"Ukrainka, Ukraine",Company Size : less than 10 employees
,,,,,,,,,,,,,,,,,,,False,Snoozebaby,,e-commerce Company ,"Uithoorn, Netherlands",Company Size : less than 10 employees
,,,,,,,,,,,,,,,,,,,False,AviaLux.net,,entertainment Company ,"Dubai, United Arab Emirates",Company Size : 11 to 20 employees
,,,,,,,,,,,,,,,,,,,False,LedWorld.nl,,e-commerce Company ,"Amsterdam, Netherlands",Company Size : less than 10 employees
,,,,,,,,,,,,,,,,,,,False,LedWorld.nl,,e-commerce Company ,"Amsterdam, Netherlands",Company Size : less than 10 employees
,,,,,,,,,,,,,,,,,,,False,Archimedix,,entertainment Company ,"Tel Aviv-Yafo, Israel",Company Size : less than 10 employees
,,,,,,,,,,,,,,,,,,,False,DeinRestaurant,Alexandr Rot,"CEO, Dein Restaurant  ","Hürth, Germany",Company Size : less than 10 employees
,,,,,,,,,,,,,,,,,,,False,Led World,,e-commerce Company ,"Amsterdam, Netherlands",Company Size : less than 10 employees
,,,,,,,,,,,,,,,,,,,False,Miss Ukraine,,fashion Company ,"Kiev, Ukraine",Company Size : less than 10 employees
,,,,,,,,,,,,,,,,,,,False,Fusion,Artyom Krukov,"CEO, Fusion  ","Kharkiv, Ukraine",Company Size : less than 10 employees
,,,,,,,,,,,,,,,,,,,False,D4FS,Anton Danilov,"CEO, D4FS  ","Kharkiv, Ukraine",Company Size : 11 to 20 employees
Brainence,https://extract.co/brainence,L'viv,Ukraine,2015,21 to 50 employees,2 Offices (MNC),Clients from 2 Countries,brainence.com,+380 66 660 6640 +44 20 8638 8808,$26 to $50,"$18,000 to $38,000","['.net 37.57%', 'reactjs 37.57%', 'asp.net 30.11%']","[',32.03/100 e-commerce,30.11/100 leisure & travel,10/100 construction,10/100 consumer,10/100 logistics & supply chain,10/100 medical & healthcare,10/100 real estate,10/100 retail,10/100 sports,']",E-Commerce Macro Development for SaaS Solution,Alban Reynolds,"Operations & IT Director, Remedy Fulfilment UK LTD  ","Stevenage, United Kingdom",Company Size : 11 to 20 employees,False,Sprout,Andrey Feldman,"Chief Product and Technology Officer, Sprout  ","Toronto, Canada",Company Size : less than 10 employees
,,,,,,,,,,,,,,Software Dev & Data Analysis for E-Commerce Company,Nikita Barford,"Team Lead, E-Commerce Company  ","London, United Kingdom",Company Size : 101 to 200 employees,False,Software Dev & Data Analysis for E-Commerce Company,Nikita Barford,"Team Lead, E-Commerce Company  ","London, United Kingdom",Company Size : 101 to 200 employees
,,,,,,,,,,,,,,,,,,,False,E-Commerce Macro Development for SaaS Solution,Alban Reynolds,"Operations & IT Director, Remedy Fulfilment UK LTD  ","Stevenage, United Kingdom",Company Size : 11 to 20 employees
,,,,,,,,,,,,,,,,,,,False,LARANG,Kseniya,"Ceo, LARANG  ","Odesa, Ukraine",Company Size : less than 10 employees
,,,,,,,,,,,,,,,,,,,False,VSYA BUDOVA,Ern,"Ceo, VSYA BUDOVA  ","Odesa, Ukraine",Company Size : less than 10 employees
,,,,,,,,,,,,,,,,,,,False,NEW KADORR,Ern,"Ceo, NEW KADORR  ","Odesa, Ukraine",Company Size : less than 10 employees
,,,,,,,,,,,,,,,,,,,False,OBRAZEC-2000,Ivan,"Ceo, OBRAZEC-2000  ","Odesa, Ukraine",Company Size : less than 10 employees
,,,,,,,,,,,,,,,,,,,False,ZUTI.RU,Sergey,"Ceo, ZUTI.RU  ","Moscow, Russia",Company Size : less than 10 employees
,,,,,,,,,,,,,,,,,,,False,ACTIVE MEDICAL,Alexander,"Ceo, ACTIVE MEDICAL  ","Mykolaivka, Ukraine",Company Size : less than 10 employees
,,,,,,,,,,,,,,,,,,,False,DR.PATLAZHAN,Gennady,"Ceo, DR.PATLAZHAN  ","Odesa, Ukraine",Company Size : less than 10 employees
,,,,,,,,,,,,,,,,,,,False,SVEKATERINA,Kseniya,"Ceo, SVEKATERINA  ","Odesa, Ukraine",Company Size : less than 10 employees
,,,,,,,,,,,,,,,,,,,False,IVIK-YUG,Sergey,"Ceo, IVIK-YUG  ","Odesa, Ukraine",Company Size : less than 10 employees
,,,,,,,,,,,,,,,,,,,False,BANCKOM,Ivan,"Ceo, BANCKOM  ","Odesa, Ukraine",Company Size : less than 10 employees
,,,,,,,,,,,,,,,,,,,False,AUTOHELP,Konstantin,"Ceo, AUTOHELP  ","Odesa, Ukraine",Company Size : less than 10 employees
,,,,,,,,,,,,,,,,,,,False,OKTAM,Artem,"Ceo, OKTAM  ","Saint Petersburg, Russia",Company Size : less than 10 employees
,,,,,,,,,,,,,,,,,,,False,KOZII CONSULT,Vlada,"Ceo, KOZII  ","Odessa, United States",Company Size : less than 10 employees
,,,,,,,,,,,,,,,,,,,False,LA LASER ENGRAVING,Ivan,"Ceo, LA LASER ENGRAVING  ","Los Angeles, United States",Company Size : less than 10 employees
,,,,,,,,,,,,,,,,,,,False,WILLIAM WALLACE,Dmitry,"Ceo, WILLIAM WALLACE  ","Los Angeles, United States",Company Size : less than 10 employees
,,,,,,,,,,,,,,,,,,,False,ARMADA,Vadim,"Ceo, ARMADA  ","Odesa, Ukraine",Company Size : less than 10 employees
,,,,,,,,,,,,,,,,,,,False,NOVOSTROY,Vadim,"Ceo, NOVOSTROY  ","Odesa, Ukraine",Company Size : less than 10 employees
,,,,,,,,,,,,,,,,,,,False,SPSERVICE,Bogdan,"Ceo, SPSERVICE  ",",",Company Size : less than 10 employees
,,,,,,,,,,,,,,,,,,,False,MOBIWAY,Denis,"Ceo, MOBIWAY  ","Minsk, Belarus",Company Size : less than 10 employees
,,,,,,,,,,,,,,,,,,,False,PROKOSMEETIKA.EE,Risto,"Ceo, Prokosmeetika  ","Tallinn, Estonia",Company Size : less than 10 employees
,,,,,,,,,,,,,,,,,,,False,PROSTO-CNC,Sergey,"Ceo, [email protected] ","Odesa, Ukraine",Company Size : less than 10 employees
,,,,,,,,,,,,,,,,,,,False,MW-DOM,Igor,"Ceo, MW-DOM  ","Odesa, Ukraine",Company Size : less than 10 employees
,,,,,,,,,,,,,,,,,,,False,PETRONAS,Igor,"Ceo, PETRONAS  ","Odesa, Ukraine",Company Size : less than 10 employees
,,,,,,,,,,,,,,,,,,,False,UGE COMPANY,Nikolai,"Ceo, UGE COMPANY  ","Odesa, Ukraine",Company Size : less than 10 employees
,,,,,,,,,,,,,,,,,,,False,AVINION,Igor,"Ceo, AVINION  ","Odesa, Ukraine",Company Size : less than 10 employees
,,,,,,,,,,,,,,,,,,,False,CLUB MARINE,Igor,"Ceo, CLUB MARINE  ","Odesa, Ukraine",Company Size : less than 10 employees
,,,,,,,,,,,,,,,,,,,False,GRAF-DEVELOPMENT,Ern,"Ceo, Graf  ","Odesa, Ukraine",Company Size : less than 10 employees
,,,,,,,,,,,,,,,,,,,False,LA NOVALE,Yana,"Ceo, Lanovale  ","Odesa, Ukraine",Company Size : less than 10 employees
Facility,https://extract.co/facility,,Ukraine,2016,21 to 50 employees,1 Office,Clients from 2 Countries,facility.team,+380 44 364 5519,$26 to $50,"$38,000 to $75,000","['css 57.5%', 'html 57.5%', 'javascript 57.5%', 'mysql 50.87%', 'php 45.03%', 'jquery 44.1%', 'nginx 44.1%']","[',32.03/100 e-commerce,32.03/100 farming,32.03/100 legal,32.03/100 online services,29.37/100 medical & healthcare,10/100 news & blog,10/100 aerospace,10/100 construction,10/100 fashion,10/100 lifestyle,']",Chemoteka,Aleksey Dyban,"Senior IT systems analyst, Chemoteka  ","Kyiv, Ukraine",Company Size : 1001 and Above,False,Siaspace,Inna Usikova,"CEO, Siaspace  ","Kyiv, Ukraine",Company Size : less than 10 employees
,,,,,,,,,,,,,,Skylum Software,Alex Tsepko,"CEO, Skylum Software  ","Washington, United States",Company Size : less than 10 employees,False,Family Garden,Ivan Grechkisvsky,"EO, Family Garden  ","Kyiv, Ukraine",Company Size : 101 to 200 employees
,,,,,,,,,,,,,,Grechkivsky,Ivan Grechkisvsky,"CEO, Grechkisvsky  ","Kyiv, Ukraine",Company Size : 11 to 20 employees,False,Grechkivsky,Ivan Grechkisvsky,"CEO, Grechkisvsky  ","Kyiv, Ukraine",Company Size : 11 to 20 employees
,,,,,,,,,,,,,,Family Garden,Ivan Grechkisvsky,"EO, Family Garden  ","Kyiv, Ukraine",Company Size : 101 to 200 employees,False,Skylum Software,Alex Tsepko,"CEO, Skylum Software  ","Washington, United States",Company Size : less than 10 employees
,,,,,,,,,,,,,,Siaspace,Inna Usikova,"CEO, Siaspace  ","Kyiv, Ukraine",Company Size : less than 10 employees,False,Chemoteka,Aleksey Dyban,"Senior IT systems analyst, Chemoteka  ","Kyiv, Ukraine",Company Size : 1001 and Above
Frontmen,https://extract.co/frontmen,Kyiv,Ukraine,2014,21 to 50 employees,1 Office,Clients from 5 Countries,www.frontmen.fm,+380 44 599 4575,$26 to $50,"$18,000 to $38,000","['css 63.62%', 'html 63.62%', 'php 57.37%', 'javascript 50.47%', 'laravel 44.24%', 'mysql 44.06%', 'xml 36.4%', 'reactjs 31.44%']","[',32.03/100 fashion,32.03/100 legal,32.03/100 online services,31.44/100 medical & healthcare,30.49/100 consumer,29.32/100 insurance,10/100 e-commerce,10/100 marketing & advertising,10/100 oil & energy,10/100 leisure & travel,']",PickUp,PickUp,"USA, Fashion&Innovations LLC  ","Wyoming, United States",Company Size : less than 10 employees,False,UNIQA Insurance Company,Online sales Department,"Vienna, Austria, UNIQA Insurance Group  ","Vienna, Austria",Company Size : less than 10 employees
,,,,,,,,,,,,,,Dragon Capital,Olga Beloblovskaya,"Kyiv, Ukraine, Dragon Capital  ","Kyiv, Ukraine",Company Size : 101 to 200 employees,False,Metro Cash & Carry,"Ganshevsky, Igor","Kyiv, Metro Cash & Carry  ","Düsseldorf, Germany",Company Size : less than 10 employees
,,,,,,,,,,,,,,Pacient Club,Helena,"Docklands, London, UK, Pacien Club  ","London, United Kingdom",Company Size : 11 to 20 employees,False,Aequo,YULIIA CHERVONOOKAYA,"Kyiv, Ukraine, Aequo Law Firm  ","Kyiv, Ukraine",Company Size : 21 to 50 employees
,,,,,,,,,,,,,,Aequo,YULIIA CHERVONOOKAYA,"Kyiv, Ukraine, Aequo Law Firm  ","Kyiv, Ukraine",Company Size : 21 to 50 employees,False,Pacient Club,Helena,"Docklands, London, UK, Pacien Club  ","London, United Kingdom",Company Size : 11 to 20 employees
,,,,,,,,,,,,,,Metro Cash & Carry,"Ganshevsky, Igor","Kyiv, Metro Cash & Carry  ","Düsseldorf, Germany",Company Size : less than 10 employees,False,PIlot USA,Elena Korchinskaya,"Aventura, FL, USA, PILOT TRAVEL Inc.  ","Aventura, United States",Company Size : less than 10 employees
,,,,,,,,,,,,,,,,,,,False,Dragon Capital,Olga Beloblovskaya,"Kyiv, Ukraine, Dragon Capital  ","Kyiv, Ukraine",Company Size : 101 to 200 employees
,,,,,,,,,,,,,,,,,,,False,PickUp,PickUp,"USA, Fashion&Innovations LLC  ","Wyoming, United States",Company Size : less than 10 employees
,,,,,,,,,,,,,,,,,,,False,AMALYZE,AMALYZE,"Germany, AMALYZE  ",", United States",Company Size : less than 10 employees
,,,,,,,,,,,,,,,,,,,False,Deepconnect,,online services Company ,"Melbourne, Australia",Company Size : less than 10 employees
Waverley,https://extract.co/waverley,Palo Alto,United States,1992,201 to 350 employees,5 Offices (MNC),Clients from 2 Countries,waverleysoftware.com,+1 650-238-9205 +1 650-238-9205 +1 650-238-9205,$26 to $50,"$250,000 to $380,000",['c 30.49%'],"[',30.49/100 consumer,10/100 automotive,10/100 banking,10/100 education,10/100 financial services,10/100 logistics & supply chain,10/100 medical & healthcare,10/100 oil & energy,10/100 stock market/forex,10/100 telecommunications,']",HARDWARE TESTING FOR THE LEADING STORAGE PROVIDER,,consumer Company ,"Paris, France",Company Size : 1001 and Above,False,HARDWARE TESTING FOR THE LEADING STORAGE PROVIDER,,consumer Company ,"Paris, France",Company Size : 1001 and Above
,,,,,,,,,,,,,,,,,,,False,IOS AND ANDROID APPS FOR ENERGY MANAGEMENT,,oil & energy Company ,"Washington, United States",Company Size : less than 10 employees
,,,,,,,,,,,,,,,,,,,False,IOT: Back-End and Mobile Development for the First Social Robot,,consumer Company ,"Boston, United States",Company Size : less than 10 employees
DevCom,https://extract.co/devcom,Folsom,United States,2000,101 to 200 employees,2 Offices (MNC),Clients from 1 Country,devcom.com,+380 322 444 073 +380 322 444 077,$26 to $50,"$18,000 to $38,000",['.net 32.03%'],"[',32.03/100 automotive,10/100 e-commerce,10/100 entertainment,10/100 financial services,10/100 logistics & supply chain,10/100 medical & healthcare,10/100 productivity,10/100 security,10/100 startup,10/100 oil & energy,']",The Traminer platform,NDA,"NDA, NDA  ","Florida City, United States",Company Size : less than 10 employees,False,Emergency Medical Application,NDA,"NDA, NDA  ","U.S. Air Force Academy, United States",Company Size : less than 10 employees
,,,,,,,,,,,,,,,,,,,False,The Traminer platform,NDA,"NDA, NDA  ","Florida City, United States",Company Size : less than 10 employees
,,,,,,,,,,,,,,,,,,,False,Corporate Communications App,NDA,"NDA, NDA  ","New York, United States",Company Size : less than 10 employees
Aremi Studio,https://extract.co/aremistudio,L'viv,Ukraine,2018,less than 10 employees,1 Office,Clients from 1 Country,aremi.studio,+380 93 645 4810,Less than $15,"$5000 to $10,000","['css 30.8%', 'html 30.8%', 'less 30.8%', 'php 30.8%', 'wordpress 30.8%']","[',30.8/100 startup,10/100 banking,10/100 financial services,10/100 logistics & supply chain,10/100 online services,10/100 real estate,10/100 retail,10/100 e-commerce,10/100 medical & healthcare,']",Allowwonder,,startup Company ,"Ukrainka, Ukraine",Company Size : less than 10 employees,False,Allowwonder,,startup Company ,"Ukrainka, Ukraine",Company Size : less than 10 employees
,,,,,,,,,,,,,,,,,,,False,Micswag LLC,Curtis Lane,"Founder, Micswag LLC, Micswag LLC  ","Florida, United States",Company Size : less than 10 employees
,,,,,,,,,,,,,,,,,,,False,Imployable,Peter Kelly,"CEO, Imployable, Imployable  ","London, United Kingdom",Company Size : less than 10 employees
,,,,,,,,,,,,,,,,,,,False,SwitchBack Health,Dave Townsend,"CEO, Switchback Health, Switchback Health  ","California City, United States",Company Size : less than 10 employees
JSSolutions,https://extract.co/jssolutions,Ternopil,Ukraine,2014,21 to 50 employees,1 Office,Clients from 3 Countries,www.jssolutionsdev.com,,$15 to $25,"$10,000 to $25,000","['meteor 44.01%', 'nodejs 38.53%', 'npm 32.03%']","[',32.03/100 startup,32.03/100 entertainment,1/100 e-commerce,1/100 food & beverages,1/100 leisure & travel,1/100 manufacturing,1/100 social networking,1/100 education,']",Plio,Steve Ives,"Serial entrepreneur in the information technology secto, Plio Ltd  ","London, United Kingdom",Company Size : less than 10 employees,False,Leanlanes,Markus Smet,"-, Markus Smet  ","Berlin, Germany",Company Size : less than 10 employees
,,,,,,,,,,,,,,Databazel,Mykola Striletskyy,"CEO, Databazel  ","Ternopil, Ukraine",Company Size : less than 10 employees,False,Databazel,Mykola Striletskyy,"CEO, Databazel  ","Ternopil, Ukraine",Company Size : less than 10 employees
,,,,,,,,,,,,,,Leanlanes,Markus Smet,"-, Markus Smet  ","Berlin, Germany",Company Size : less than 10 employees,False,Plio,Steve Ives,"Serial entrepreneur in the information technology secto, Plio Ltd  ","London, United Kingdom",Company Size : less than 10 employees
,,,,,,,,,,,,,,,,,,,False,RECRUITPITCH (USA),Weston Parker Headley,"Weston Parker Headley, RecruitPitch  ","San Francisco, United States",Company Size : less than 10 employees
,,,,,,,,,,,,,,,,,,,False,Cytolon,,startup Company ,"Berlin, Germany",Company Size : less than 10 employees
,,,,,,,,,,,,,,,,,,,False,GEO-PAK Hunt,,startup Company ,"Aarhus, Denmark",Company Size : less than 10 employees
Astwellsoft,https://extract.co/astwellsoft,,Ukraine,2014,21 to 50 employees,1 Office,Clients from 3 Countries,astwellsoft.com,+380 98 343 9808,$15 to $25,$3000 to $8000,"['bootstrap 35.68%', 'css 35.68%', 'html 35.68%', 'php 35.68%', 'wordpress 30.7%', 'javascript 27.67%', 'yii 27.67%']","[',30.7/100 consumer,27.67/100 e-commerce,1/100 entertainment,1/100 financial services,1/100 logistics & supply chain,1/100 marketing & advertising,1/100 online services,1/100 retail,1/100 social networking,1/100 startup,']",The Marckis Group,Oleg Koval,"President & Owner, Web4You  ","Toronto, Canada",Company Size : less than 10 employees,False,Ingas,Vyacheslav Horodnyy,"Computer Systems Engineer, Ingas  ","Mariupol', Ukraine",Company Size : 51 to 100 employees
,,,,,,,,,,,,,,Ingas,Vyacheslav Horodnyy,"Computer Systems Engineer, Ingas  ","Mariupol', Ukraine",Company Size : 51 to 100 employees,False,Real People Dating,Alex Zeig,"Founder, Bluecheck.me  ","New York, United States",Company Size : less than 10 employees
,,,,,,,,,,,,,,,,,,,False,The Marckis Group,Oleg Koval,"President & Owner, Web4You  ","Toronto, Canada",Company Size : less than 10 employees
,,,,,,,,,,,,,,,,,,,False,Afford The Rent,James Leftwich,"Founder, Afford The Rent  ","New York, United States",Company Size : less than 10 employees
,,,,,,,,,,,,,,,,,,,False,Bluecheck.me,Alex Zeig,"Owner, Bluecheck.me  ","New York, United States",Company Size : less than 10 employees
QArea,https://extract.co/qarea,Kharkov,Ukraine,2001,201 to 350 employees,1 Office,Clients from 2 Countries,qarea.com,,$15 to $25,"$75,000 to $150,000","['mysql 45.03%', 'javascript 38.53%', 'jquery 38.53%', '.net 32.03%', 'angular.js 32.03%', 'css 32.03%', 'php 32.03%', 'yii 32.03%']","[',38.53/100 startup,32.03/100 banking,10/100 government,10/100 medical & healthcare,10/100 social networking,10/100 education,10/100 food & beverages,1/100 e-commerce,1/100 financial services,1/100 marketing & advertising,']",TurboLingvo,Boris Ostrer,"Manager, TurboLingvo, LL  ","New York, United States",Company Size : less than 10 employees,False,Website on Drupal,,startup Company ,"Carlsbad, United States",Company Size : less than 10 employees
,,,,,,,,,,,,,,Two portals for Contribution Management System (CoMaS),,banking Company ,"Suva, Fiji",Company Size : less than 10 employees,False,Two portals for Contribution Management System (CoMaS),,banking Company ,"Suva, Fiji",Company Size : less than 10 employees
,,,,,,,,,,,,,,Website on Drupal,,startup Company ,"Carlsbad, United States",Company Size : less than 10 employees,False,TurboLingvo,Boris Ostrer,"Manager, TurboLingvo, LL  ","New York, United States",Company Size : less than 10 employees
,,,,,,,,,,,,,,,,,,,False,You-Doo,Kyle Silcox,"CEO, Plutanium, LLC  ","Vancouver, United States",Company Size : less than 10 employees
,,,,,,,,,,,,,,,,,,,False,Knozen,Marc Cenedella,"Manager, Knozen  ","Pittsburg, United States",Company Size : less than 10 employees
,,,,,,,,,,,,,,,,,,,False,Skyhook Dedicated Team,Joel Morrin,"Manager, Skyhook  ","Boston, United States",Company Size : less than 10 employees
,,,,,,,,,,,,,,,,,,,False,RebelMouse,Paul Berry,"CEO, RebelMouse  ","New York, United States",Company Size : less than 10 employees
MEAT Agency,https://extract.co/meatagency,Kyiv,Ukraine,2015,11 to 20 employees,1 Office,Clients from 2 Countries,makemeat.com,+380 93 141 4209,$51 to $75,"$10,000 to $25,000","['html 37.84%', 'css 32.03%', 'reactjs 32.03%']","[',32.03/100 online services,30.65/100 logistics & supply chain,1/100 e-commerce,1/100 fashion,1/100 food & beverages,1/100 news & blog,1/100 productivity,1/100 sports,1/100 startup,']",Cargofy,Stakh Vozniak,"CEO, Cargofy  ","Dover, United States",Company Size : less than 10 employees,False,NewAge,Roman Dutchak,"Head of Development, NewAge Solutions  ","Limassol, Cyprus",Company Size : 21 to 50 employees
,,,,,,,,,,,,,,NewAge,Roman Dutchak,"Head of Development, NewAge Solutions  ","Limassol, Cyprus",Company Size : 21 to 50 employees,False,Cargofy,Stakh Vozniak,"CEO, Cargofy  ","Dover, United States",Company Size : less than 10 employees
Redentu,https://extract.co/redentu,Lviv,Ukraine,2014,11 to 20 employees,1 Office,Clients from 1 Country,redentu.com,+380 96 784 8695,$15 to $25,$1000 to $5000,"['javascript 32.03%', 'bootstrap 32.03%', 'css 32.03%', 'html 32.03%', 'jquery 32.03%']","[',32.03/100 entertainment,1/100 e-commerce,1/100 lifestyle,1/100 productivity,1/100 social networking,1/100 education,1/100 manufacturing,1/100 real estate,1/100 retail,1/100 startup,']",doo website and blog redesign,Volodymyr Machula,"CTO Trainee, doo  ","Munich, Germany",Company Size : 21 to 50 employees,False,doo website and blog redesign,Volodymyr Machula,"CTO Trainee, doo  ","Munich, Germany",Company Size : 21 to 50 employees
Vakoms,https://extract.co/vakoms,L'viv,Ukraine,2010,51 to 100 employees,1 Office,Clients from 2 Countries,vakoms.com,+380 322 417 234,$26 to $50,"$150,000 to $250,000","['c++ 30.86%', 'objective c 30.86%', 'qt 30.86%']","[',30.86/100 startup,1/100 automotive,1/100 construction,1/100 e-commerce,1/100 financial services,1/100 medical & healthcare,1/100 online services,1/100 social networking,1/100 sports,1/100 entertainment,']",SmartAlbums,,startup Company ,"Seattle, United States",Company Size : 21 to 50 employees,False,Password-Free Biometric Authentication System,,online services Company ,"Portland, United States",Company Size : less than 10 employees
,,,,,,,,,,,,,,,,,,,False,HelpAround,Shlomi Aflalo,"CTO, HelpAround  ","Tel Aviv-Yafo, Israel",Company Size : less than 10 employees
,,,,,,,,,,,,,,,,,,,False,SmartAlbums,,startup Company ,"Seattle, United States",Company Size : 21 to 50 employees
,,,,,,,,,,,,,,,,,,,False,fuboTV,Sung Ho Choi,"Co-Founder and Chief Product Officer, fuboTV  ","New York, United States",Company Size : less than 10 employees
